pasient_id,oppholdstid
1,15.0
22,15.0
25,15.0
26,9.0
29,23.0
36,16.0
57,18.0
61,9.0
63,14.0
64,9.0
74,21.0
79,14.0
80,18.0
82,19.0
90,10.0
94,12.0
100,12.0
101,20.0
113,25.0
116,13.0
117,10.0
121,10.0
124,9.0
128,11.0
130,12.0
132,23.0
137,17.0
166,11.0
169,20.0
179,14.0
184,4.0
200,14.0
206,20.0
208,10.0
214,15.0
223,12.0
237,15.0
240,6.0
244,12.0
267,8.0
285,11.0
293,8.0
308,21.0
320,12.0
325,22.0
330,9.0
338,11.0
351,15.0
363,3.0
364,9.0
368,12.0
371,14.0
373,16.0
374,17.0
375,9.0
376,16.0
378,13.0
388,11.0
405,19.0
413,21.0
417,15.0
424,21.0
433,13.0
434,11.0
435,7.0
438,16.0
449,21.0
470,9.0
498,14.0
524,16.0
538,11.0
543,15.0
572,8.0
574,21.0
587,15.0
592,18.0
593,7.0
596,10.0
605,12.0
607,13.0
612,22.0
613,9.0
624,13.0
626,12.0
627,9.0
632,20.0
645,15.0
646,10.0
648,12.0
651,10.0
657,12.0
660,14.0
674,13.0
692,18.0
700,11.0
706,19.0
708,13.0
715,16.0
733,9.0
737,13.0
740,15.0
741,12.0
756,13.0
760,20.0
762,11.0
766,16.0
770,9.0
771,18.0
786,10.0
798,16.0
802,10.0
805,7.0
808,14.0
815,11.0
824,9.0
825,16.0
828,14.0
849,12.0
852,14.0
878,18.0
882,9.0
895,12.0
902,9.0
904,13.0
929,22.0
942,19.0
946,16.0
957,20.0
958,19.0
961,11.0
968,10.0
974,11.0
975,12.0
1005,17.0
1021,18.0
1025,11.0
1027,16.0
1029,10.0
1041,13.0
1054,14.0
1058,27.0
1065,19.0
1072,15.0
1081,15.0
1112,21.0
1125,18.0
1131,19.0
1132,8.0
1135,4.0
1153,7.0
1155,11.0
1163,10.0
1165,10.0
1167,19.0
1170,24.0
1180,13.0
1182,23.0
1187,16.0
1199,8.0
1208,9.0
1209,23.0
1222,11.0
1228,8.0
1229,21.0
1230,9.0
1242,22.0
1254,11.0
1292,9.0
1307,14.0
1308,21.0
1321,11.0
1322,10.0
1326,12.0
1334,20.0
1338,9.0
1341,12.0
1345,8.0
1357,27.0
1361,20.0
1366,11.0
1384,19.0
1385,6.0
1408,10.0
1409,10.0
1410,10.0
1416,8.0
1430,14.0
1435,11.0
1436,14.0
1439,9.0
1441,12.0
1444,20.0
1448,14.0
1460,18.0
1467,11.0
1473,23.0
1484,13.0
1493,10.0
1507,22.0
1509,14.0
1511,23.0
1528,14.0
1535,16.0
1563,9.0
1576,10.0
1580,6.0
1585,8.0
1592,13.0
1595,8.0
1599,16.0
1609,10.0
1614,10.0
1615,14.0
1617,16.0
1624,23.0
1630,11.0
1632,14.0
1635,8.0
1636,11.0
1642,12.0
1656,10.0
1660,12.0
1662,11.0
1665,13.0
1672,12.0
1675,10.0
1682,23.0
1683,16.0
1685,16.0
1708,8.0
1712,14.0
1721,7.0
1731,11.0
1732,17.0
1735,8.0
1741,15.0
1746,12.0
1748,11.0
1777,12.0
1778,4.0
1782,13.0
1793,8.0
1800,14.0
1803,8.0
1806,8.0
1808,13.0
1821,13.0
1822,11.0
1824,12.0
1839,14.0
1848,7.0
1859,17.0
1863,8.0
1864,8.0
1872,13.0
1877,11.0
1883,7.0
1891,12.0
1897,9.0
1904,17.0
1914,11.0
1925,11.0
1933,12.0
1939,11.0
1964,13.0
1968,18.0
1969,14.0
1972,10.0
1974,12.0
1989,11.0
2004,8.0
2008,12.0
2016,10.0
2021,19.0
2023,12.0
2024,12.0
2029,11.0
2036,14.0
2041,12.0
2047,17.0
2051,20.0
2052,13.0
2062,9.0
2069,7.0
2084,14.0
2087,9.0
2094,16.0
2099,10.0
2100,18.0
2108,23.0
2114,15.0
2117,12.0
2120,10.0
2121,9.0
2122,17.0
2128,12.0
2130,20.0
2137,11.0
2139,11.0
2157,11.0
2164,12.0
2174,9.0
2192,12.0
2196,21.0
2203,9.0
2209,14.0
2219,14.0
2223,17.0
2226,6.0
2247,19.0
2252,21.0
2257,12.0
2275,13.0
2277,11.0
2283,11.0
2284,12.0
2287,8.0
2290,14.0
2292,16.0
2293,9.0
2305,14.0
2306,11.0
2310,9.0
2317,14.0
2318,10.0
2322,17.0
2323,10.0
2345,11.0
2350,9.0
2353,21.0
2354,10.0
2355,11.0
2357,16.0
2361,21.0
2372,11.0
2387,7.0
2388,12.0
2392,21.0
2396,9.0
2399,13.0
2419,9.0
2423,15.0
2436,18.0
2438,11.0
2443,11.0
2455,14.0
2464,15.0
2468,12.0
2470,12.0
2475,16.0
2490,8.0
2493,22.0
2497,16.0
2503,15.0
2505,22.0
2509,15.0
2513,15.0
2515,9.0
2516,12.0
2533,19.0
2539,10.0
2545,4.0
2547,19.0
2548,18.0
2549,14.0
2556,15.0
2562,17.0
2563,11.0
2582,7.0
2583,13.0
2590,14.0
2594,9.0
2597,10.0
2599,12.0
2600,12.0
2604,17.0
2611,12.0
2635,11.0
2638,2.0
2655,9.0
2657,9.0
2660,6.0
2661,4.0
2666,16.0
2672,10.0
2680,12.0
2681,9.0
2684,17.0
2692,19.0
2711,8.0
2712,19.0
2722,13.0
2726,11.0
2733,17.0
2743,5.0
2746,16.0
2747,24.0
2758,14.0
2776,9.0
2781,13.0
2786,8.0
2788,11.0
2793,15.0
2799,10.0
2801,14.0
2821,16.0
2823,14.0
2828,10.0
2846,8.0
2853,20.0
2863,15.0
2875,16.0
2882,12.0
2894,18.0
2898,8.0
2904,20.0
2911,10.0
2915,18.0
2928,8.0
2935,11.0
2938,12.0
2957,18.0
2958,22.0
2964,10.0
2974,8.0
2978,39.0
2979,12.0
2988,15.0
2989,17.0
2990,21.0
2994,12.0
2998,10.0
3004,9.0
3005,15.0
3025,14.0
3048,13.0
3050,12.0
3058,9.0
3063,5.0
3071,10.0
3086,10.0
3088,7.0
3092,13.0
3095,12.0
3097,13.0
3103,16.0
3106,16.0
3108,10.0
3116,8.0
3124,21.0
3129,9.0
3138,13.0
3160,12.0
3164,10.0
3166,13.0
3169,14.0
3179,19.0
3187,19.0
3191,13.0
3192,7.0
3194,10.0
3205,47.0
3206,22.0
3216,15.0
3220,7.0
3225,14.0
3249,13.0
3251,13.0
3253,22.0
3258,19.0
3265,14.0
3281,16.0
3291,20.0
3293,9.0
3294,19.0
3301,15.0
3307,16.0
3309,20.0
3311,14.0
3314,16.0
3317,11.0
3332,14.0
3338,17.0
3345,13.0
3348,11.0
3357,13.0
3362,14.0
3367,22.0
3384,13.0
3385,8.0
3388,8.0
3396,25.0
3397,11.0
3400,20.0
3402,19.0
3405,9.0
3407,15.0
3416,12.0
3419,13.0
3420,9.0
3422,11.0
3437,11.0
3442,7.0
3452,11.0
3456,22.0
3459,10.0
3467,11.0
3468,16.0
3469,9.0
3471,10.0
3479,9.0
3484,16.0
3493,16.0
3512,7.0
3517,9.0
3526,5.0
3528,16.0
3534,12.0
3548,11.0
3550,16.0
3561,13.0
3589,18.0
3594,23.0
3600,17.0
3605,24.0
3608,25.0
3613,8.0
3614,12.0
3623,9.0
3628,23.0
3633,13.0
3662,17.0
3666,11.0
3671,14.0
3677,15.0
3679,12.0
3687,14.0
3696,11.0
3716,11.0
3722,13.0
3728,11.0
3738,17.0
3743,18.0
3746,12.0
3749,11.0
3752,21.0
3763,7.0
3768,21.0
3779,17.0
3782,18.0
3793,15.0
3794,13.0
3797,22.0
3800,6.0
3809,8.0
3819,17.0
3822,12.0
3835,14.0
3836,18.0
3855,13.0
3860,7.0
3864,17.0
3868,20.0
3869,28.0
3878,12.0
3887,14.0
3894,8.0
3899,20.0
3913,11.0
3919,8.0
3923,19.0
3941,20.0
3946,23.0
3947,19.0
3953,18.0
3959,9.0
3964,12.0
3967,13.0
3969,13.0
3970,15.0
3972,14.0
3974,22.0
3983,15.0
3984,26.0
3985,20.0
3989,10.0
3996,14.0
3998,11.0
4000,10.0
4024,14.0
4040,16.0
4044,15.0
4048,12.0
4050,11.0
4052,22.0
4058,9.0
4073,20.0
4079,18.0
4081,9.0
4100,11.0
4109,20.0
4113,13.0
4123,14.0
4125,14.0
4148,10.0
4162,17.0
4178,13.0
4183,19.0
4187,10.0
4188,9.0
4193,9.0
4200,10.0
4208,23.0
4209,14.0
4211,21.0
4213,18.0
4240,19.0
4243,17.0
4252,10.0
4257,21.0
4260,4.0
4261,21.0
4263,15.0
4264,14.0
4268,7.0
4269,17.0
4275,24.0
4278,17.0
4281,16.0
4290,7.0
4296,17.0
4306,19.0
4307,24.0
4318,21.0
4327,11.0
4328,14.0
4333,8.0
4334,15.0
4354,11.0
4355,8.0
4362,17.0
4370,18.0
4371,11.0
4374,9.0
4379,24.0
4404,15.0
4410,11.0
4420,10.0
4421,10.0
4433,17.0
4438,18.0
4445,7.0
4452,12.0
4453,16.0
4461,10.0
4462,15.0
4465,19.0
4468,8.0
4470,9.0
4471,9.0
4472,16.0
4479,17.0
4486,9.0
4497,11.0
4516,9.0
4517,11.0
4518,11.0
4525,9.0
4532,18.0
4546,18.0
4548,23.0
4561,18.0
4563,8.0
4567,18.0
4576,8.0
4581,21.0
4592,11.0
4595,16.0
4601,16.0
4606,9.0
4612,11.0
4636,13.0
4646,8.0
4649,4.0
4651,22.0
4653,10.0
4658,15.0
4670,12.0
4681,9.0
4691,8.0
4703,6.0
4705,21.0
4721,14.0
4724,9.0
4729,18.0
4736,4.0
4737,13.0
4746,2.0
4755,20.0
4757,9.0
4766,12.0
4776,16.0
4777,16.0
4790,13.0
4791,15.0
4792,12.0
4804,13.0
4823,3.0
4826,2.0
4834,23.0
4844,23.0
4846,8.0
4851,17.0
4852,14.0
4857,7.0
4860,15.0
4864,14.0
4868,8.0
4877,12.0
4879,15.0
4883,11.0
4904,10.0
4908,7.0
4931,18.0
4936,20.0
4940,19.0
4941,11.0
4951,10.0
4960,19.0
4967,15.0
4972,16.0
4985,17.0
4986,21.0
4998,11.0
4999,19.0
5016,17.0
5022,13.0
5029,15.0
5038,10.0
5042,13.0
5044,11.0
5045,14.0
5047,17.0
5073,30.0
5089,14.0
5091,10.0
5103,15.0
5104,13.0
5105,20.0
5113,13.0
5117,13.0
5128,14.0
5131,17.0
5132,11.0
5147,12.0
5150,10.0
5157,9.0
5163,19.0
5182,19.0
5186,13.0
5204,20.0
5209,12.0
5218,12.0
5220,8.0
5229,11.0
5232,17.0
5240,8.0
5241,11.0
5246,12.0
5250,15.0
5251,22.0
5252,17.0
5260,13.0
5263,11.0
5266,14.0
5273,9.0
5278,8.0
5291,10.0
5295,3.0
5303,21.0
5306,15.0
5311,10.0
5312,15.0
5313,11.0
5324,15.0
5331,10.0
5344,14.0
5346,16.0
5347,20.0
5348,17.0
5362,12.0
5369,13.0
5371,15.0
5375,7.0
5383,12.0
5391,13.0
5392,20.0
5394,17.0
5395,21.0
5406,11.0
5411,12.0
5441,20.0
5445,7.0
5447,13.0
5458,33.0
5472,25.0
5475,9.0
5480,18.0
5488,29.0
5492,5.0
5495,14.0
5498,13.0
5502,9.0
5503,11.0
5504,10.0
5510,15.0
5518,16.0
5532,9.0
5534,18.0
5535,22.0
5536,14.0
5537,10.0
5539,15.0
5553,16.0
5577,24.0
5581,11.0
5594,16.0
5597,13.0
5605,11.0
5611,12.0
5613,13.0
5617,15.0
5619,11.0
5621,11.0
5628,13.0
5631,19.0
5638,14.0
5639,18.0
5642,16.0
5653,12.0
5662,16.0
5663,14.0
5673,11.0
5682,13.0
5692,17.0
5694,16.0
5697,11.0
5702,15.0
5704,20.0
5705,12.0
5710,14.0
5714,20.0
5716,17.0
5719,15.0
5720,20.0
5721,18.0
5727,6.0
5728,13.0
5737,16.0
5747,13.0
5764,16.0
5765,17.0
5779,18.0
5782,13.0
5786,22.0
5796,14.0
5802,10.0
5803,9.0
5817,10.0
5820,14.0
5838,18.0
5840,13.0
5847,17.0
5852,21.0
5875,10.0
5885,8.0
5897,7.0
5909,12.0
5913,31.0
5919,10.0
5931,12.0
5940,8.0
5945,20.0
5948,15.0
5961,13.0
5967,12.0
5986,14.0
5990,14.0
5996,11.0
6000,13.0
6002,16.0
6005,10.0
6008,12.0
6012,23.0
6016,13.0
6022,8.0
6030,18.0
6032,14.0
6035,11.0
6037,11.0
6038,13.0
6057,20.0
6065,14.0
6067,27.0
6082,20.0
6092,14.0
6095,13.0
6103,8.0
6104,10.0
6115,17.0
6118,17.0
6119,21.0
6120,11.0
6123,11.0
6168,6.0
6173,9.0
6174,14.0
6177,15.0
6178,19.0
6181,15.0
6183,17.0
6186,11.0
6188,14.0
6189,11.0
6195,10.0
6196,10.0
6214,22.0
6217,8.0
6219,13.0
6233,13.0
6236,10.0
6238,15.0
6242,19.0
6243,20.0
6246,9.0
6247,24.0
6251,16.0
6254,10.0
6265,8.0
6266,17.0
6274,13.0
6283,9.0
6311,9.0
6325,14.0
6326,19.0
6342,14.0
6356,9.0
6357,18.0
6363,16.0
6364,17.0
6376,25.0
6389,13.0
6408,10.0
6411,13.0
6417,12.0
6422,15.0
6425,17.0
6433,8.0
6438,8.0
6446,10.0
6449,10.0
6461,11.0
6484,8.0
6485,8.0
6491,23.0
6499,19.0
6510,11.0
6515,26.0
6518,12.0
6522,20.0
6523,15.0
6528,5.0
6534,16.0
6539,13.0
6541,9.0
6546,9.0
6553,11.0
6558,19.0
6568,27.0
6574,11.0
6593,23.0
6595,14.0
6599,8.0
6600,11.0
6614,8.0
6626,13.0
6629,13.0
6635,17.0
6654,14.0
6665,19.0
6676,18.0
6688,13.0
6704,19.0
6705,13.0
6721,26.0
6730,12.0
6733,8.0
6735,16.0
6738,9.0
6739,8.0
6740,8.0
6744,8.0
6745,12.0
6759,20.0
6762,12.0
6768,5.0
6773,15.0
6780,22.0
6787,18.0
6798,15.0
6807,12.0
6820,16.0
6823,16.0
6828,7.0
6835,16.0
6836,19.0
6839,17.0
6845,12.0
6851,16.0
6855,19.0
6863,10.0
6870,19.0
6875,9.0
6896,16.0
6906,9.0
6910,15.0
6911,14.0
6916,9.0
6918,12.0
6922,11.0
6923,9.0
6927,12.0
6928,9.0
6931,15.0
6933,10.0
6942,10.0
6948,16.0
6951,14.0
6958,14.0
6960,9.0
6980,18.0
6981,11.0
6991,8.0
6996,18.0
6997,19.0
7001,16.0
7009,14.0
7012,10.0
7013,16.0
7019,33.0
7022,21.0
7027,10.0
7029,18.0
7033,14.0
7034,18.0
7035,12.0
7074,13.0
7079,18.0
7084,15.0
7087,9.0
7088,17.0
7097,8.0
7099,24.0
7109,9.0
7110,19.0
7115,9.0
7117,9.0
7129,13.0
7138,12.0
7139,12.0
7149,10.0
7153,11.0
7166,17.0
7180,8.0
7186,22.0
7198,13.0
7205,10.0
7209,17.0
7210,12.0
7211,22.0
7222,15.0
7229,17.0
7233,20.0
7234,15.0
7240,9.0
7247,16.0
7251,15.0
7264,10.0
7273,21.0
7278,13.0
7279,14.0
7283,12.0
7289,13.0
7297,9.0
7300,11.0
7301,19.0
7304,12.0
7316,11.0
7317,18.0
7323,9.0
7327,25.0
7336,16.0
7339,10.0
7341,37.0
7364,20.0
7365,20.0
7366,20.0
7368,15.0
7374,22.0
7375,25.0
7378,13.0
7386,17.0
7388,20.0
7393,18.0
7397,18.0
7407,19.0
7414,13.0
7427,15.0
7435,16.0
7442,15.0
7445,14.0
7453,9.0
7455,15.0
7457,23.0
7459,17.0
7460,18.0
7464,10.0
7469,11.0
7485,12.0
7487,15.0
7499,21.0
7501,8.0
7506,18.0
7522,11.0
7527,19.0
7529,15.0
7558,11.0
7573,22.0
7580,9.0
7582,11.0
7595,12.0
7600,11.0
7602,13.0
7620,10.0
7624,12.0
7638,11.0
7641,18.0
7642,8.0
7645,8.0
7652,14.0
7667,13.0
7677,10.0
7688,22.0
7702,17.0
7705,15.0
7712,10.0
7720,11.0
7735,8.0
7739,13.0
7743,13.0
7763,20.0
7765,16.0
7769,8.0
7775,10.0
7782,15.0
7783,25.0
7787,8.0
7789,19.0
7795,10.0
7803,10.0
7813,9.0
7814,13.0
7816,9.0
7821,9.0
7825,9.0
7829,15.0
7838,10.0
7846,12.0
7854,17.0
7859,13.0
7865,9.0
7875,20.0
7878,10.0
7883,14.0
7889,14.0
7892,9.0
7910,8.0
7926,17.0
7934,11.0
7936,11.0
7940,10.0
7943,16.0
7947,11.0
7952,10.0
7965,11.0
7971,16.0
7998,19.0
8011,8.0
8016,9.0
8020,18.0
8021,7.0
8033,10.0
8034,10.0
8037,11.0
8040,12.0
8041,13.0
8044,10.0
8054,6.0
8059,16.0
8064,11.0
8068,8.0
8072,13.0
8076,18.0
8077,8.0
8088,14.0
8116,6.0
8122,7.0
8132,12.0
8137,10.0
8143,13.0
8145,9.0
8147,15.0
8151,9.0
8157,13.0
8170,10.0
8178,18.0
8179,10.0
8184,10.0
8190,20.0
8193,12.0
8195,11.0
8200,10.0
8208,22.0
8217,14.0
8227,11.0
8246,19.0
8267,9.0
8273,11.0
8276,8.0
8287,9.0
8292,11.0
8293,10.0
8296,21.0
8299,6.0
8314,14.0
8318,10.0
8319,8.0
8327,12.0
8339,10.0
8343,13.0
8344,7.0
8346,10.0
8347,19.0
8349,19.0
8353,14.0
8357,15.0
8366,19.0
8367,8.0
8373,16.0
8374,10.0
8380,15.0
8390,9.0
8394,10.0
8398,15.0
8399,9.0
8402,10.0
8405,10.0
8409,17.0
8413,10.0
8418,14.0
8430,9.0
8447,13.0
8449,9.0
8463,9.0
8468,10.0
8472,8.0
8473,20.0
8474,14.0
8482,13.0
8499,7.0
8500,10.0
8510,16.0
8511,9.0
8516,8.0
8519,14.0
8527,21.0
8530,9.0
8536,10.0
8542,15.0
8549,24.0
8551,24.0
8559,10.0
8569,14.0
8570,15.0
8585,10.0
8587,9.0
8588,12.0
8593,11.0
8596,14.0
8597,8.0
8602,11.0
8614,10.0
8616,13.0
8617,19.0
8623,11.0
8626,12.0
8641,9.0
8642,21.0
8653,10.0
8661,9.0
8674,10.0
8697,17.0
8701,11.0
8710,10.0
8718,9.0
8720,19.0
8734,9.0
8735,10.0
8737,8.0
8743,11.0
8746,18.0
8749,11.0
8753,17.0
8762,17.0
8767,16.0
8770,23.0
8799,14.0
8805,19.0
8825,9.0
8830,9.0
8831,14.0
8834,12.0
8835,12.0
8838,13.0
8851,17.0
8859,12.0
8866,9.0
8871,14.0
8878,11.0
8896,15.0
8909,13.0
8912,15.0
8913,11.0
8917,12.0
8923,12.0
8934,13.0
8936,14.0
8946,11.0
8949,14.0
8964,12.0
8969,11.0
8976,10.0
8983,20.0
8992,17.0
8995,8.0
9009,12.0
9015,9.0
9024,18.0
9025,17.0
9033,14.0
9049,8.0
9050,10.0
9078,16.0
9080,10.0
9081,20.0
